Timestamp,User Count,Type,Name,Requests/s,Failures/s,50%,66%,75%,80%,90%,95%,98%,99%,99.9%,99.99%,100%,Total Request Count,Total Failure Count,Total Median Response Time,Total Average Response Time,Total Min Response Time,Total Max Response Time,Total Average Content Size
1788815021,0,,Aggregated,0.000000,0.000000,N/A,N/A,N/A,N/A,N/A,N/A,N/A,N/A,N/A,N/A,N/A,0,0,0,0.0,0,0,0
1788815022,25,,Aggregated,0.000000,0.000000,6,6,6,8,20,20,21,21,21,21,21,25,0,6,8.12688,5.299,20.507,431.32
1788815023,50,,Aggregated,0.000000,0.000000,6,6,6,7,20,21,21,21,21,21,21,53,0,6,7.707811320754718,5.262,20.993,430.24528301886795
1788815024,50,,Aggregated,25.000000,0.000000,6,7,7,7,20,21,21,21,21,21,21,84,0,6,8.051690476190478,5.262,21.28,430.48809523809524
1788815025,50,,Aggregated,25.000000,0.000000,6,7,7,7,20,21,22,22,22,22,22,102,0,6,8.457931372549023,5.225,22.246,431.0882352941176
1788815026,50,,Aggregated,27.333333,0.000000,6,7,7,7,20,21,22,22,22,22,22,127,0,6,8.496141732283466,5.225,22.246,431.0314960629921
1788815027,50,,Aggregated,27.333333,0.000000,6,7,7,8,21,21,22,22,22,22,22,153,0,6,8.80472549019608,5.225,22.246,431.37254901960785
1788815028,50,,Aggregated,25.200000,0.000000,6,7,7,19,21,22,22,22,23,23,23,183,0,6,9.17730054644809,5.225,22.506,431.92896174863387
1788815029,50,,Aggregated,25.500000,0.000000,7,7,7,9,21,22,22,22,23,23,23,205,0,7,9.11430243902439,5.225,22.506,431.6780487804878
1788815030,50,,Aggregated,25.500000,0.000000,7,7,7,9,21,22,22,22,23,23,23,229,0,7,9.142703056768557,5.225,22.506,431.72052401746726
1788815031,50,,Aggregated,25.857143,0.000000,7,7,7,8,21,22,22,22,23,23,23,255,0,7,9.091847058823529,5.225,22.506,431.5450980392157
1788815032,50,,Aggregated,25.444444,0.000000,7,7,7,19,21,22,22,22,23,23,23,278,0,7,9.52161870503597,5.225,22.506,432.44604316546764
1788815033,50,,Aggregated,25.500000,0.000000,7,7,7,19,21,22,22,22,24,24,24,308,0,7,9.529892857142853,5.225,23.68,432.47402597402595
1788815034,50,,Aggregated,24.900000,0.000000,7,7,7,19,21,22,22,22,24,24,24,327,0,7,9.577211009174311,5.225,23.68,432.56880733944956
1788815035,50,,Aggregated,25.300000,0.000000,7,7,7,19,21,22,22,22,24,24,24,356,0,7,9.539907303370784,5.086,23.68,432.4803370786517
1788815036,50,,Aggregated,24.300000,0.000000,7,7,7,19,21,22,22,22,24,24,24,378,0,7,9.557103174603172,5.086,23.68,432.510582010582
1788815037,50,,Aggregated,25.300000,0.000000,7,7,8,19,21,22,22,22,24,24,24,404,0,7,9.565794554455445,5.086,23.68,432.46287128712873
1788815038,50,,Aggregated,24.600000,0.000000,7,7,8,19,21,22,22,22,24,24,24,433,0,7,9.612618937644344,5.086,23.68,432.3995381062356
1788815039,50,,Aggregated,24.900000,0.000000,7,7,8,19,21,22,22,22,24,24,24,456,0,7,9.548155701754387,5.086,23.68,432.29605263157896
1788815040,50,,Aggregated,25.100000,0.000000,7,7,7,19,21,22,22,23,24,24,24,482,0,7,9.463887966804982,5.086,23.68,432.1597510373444
